,protein,pdb,chain,beta,nsus,run,count_scpe,count_seq_cluster,contacts_count,spearman_zmip_evol_nat,par_positions_count,auc_nat,auc_nat_01,auc,auc_01
1,THIO_ECOLI/4_107,2TRX,A,5.0,15.0,20000,600401.0,96294.0,402.0,0.111943981321,5151.0,0.874899414146,0.746157507308,0.902161576935,0.763823174306
2,THIO_ECOLI/4_107,1XOA,A,5.0,15.0,20000,424501.0,61708.0,436.0,0.124096597233,5151.0,0.868810311485,0.735709193826,0.917320623951,0.775984304903
