	pearson	kendall	spearman
1	0.602941290565	0.457784960166	0.526063453459
