	pearson	kendall	spearman
1	0.544003979174	0.417880833542	0.483850801652
