	pearson	kendall	spearman
1	0.621955367407	0.510520067335	0.582910286758
