	pearson	kendall	spearman
1	0.612673607752	0.476232868194	0.544645891148
