	pearson	kendall	spearman
1	0.589275596349	0.449798586832	0.512148122668
