	pearson	kendall	spearman
1	0.630380094712	0.505056462087	0.572209817031
