,contacts_count,spearman_zmip_evol_nat,par_positions_count,auc_nat,auc_nat_01,auc,auc_01
1,522.0,0.0834028732215,5151.0,0.85903847805,0.726103761087,0.788329447662,0.597313022447
