,protein,pdb,chain,beta,nsus,run,count_scpe,count_seq_cluster,contacts_count,spearman_zmip_evol_nat,par_positions_count,auc_nat,auc_nat_01,auc,auc_01
1,THIO_ECOLI/4_107,2TRX,A,5.0,15.0,20000,600401.0,96294.0,402.0,0.111943981321,5151.0,0.874899414146,0.746157507308,0.902161576935,0.763823174306
2,THIO_ECOLI/4_107,1XOA,A,5.0,15.0,20000,424501.0,61708.0,436.0,0.124096597233,5151.0,0.868810311485,0.735709193826,0.917320623951,0.775984304903
3,THIO_ECOLI/4_107,1XOB,A,5.0,15.0,20000,488901.0,73231.0,428.0,0.119808661292,5151.0,0.868839106291,0.730649960108,0.920966162895,0.815013617437
4,THIO_ECOLI/4_107,2H74,A,5.0,15.0,20000,466991.0,71373.0,436.0,0.11933358544,5151.0,0.872659860876,0.747327669724,0.887037224358,0.727036600247
