,contacts_count,spearman_zmip_evol_nat,par_positions_count,auc_nat,auc_nat_01,auc,auc_01
1,522.0,0.0712694711723,5151.0,0.85903847805,0.726103761087,0.794189325743,0.611024667485
