,protein,pdb,chain,auc_mi,auc_01_mi,auc_di,auc_01_di,auc_frob,auc_01_frob,auc_psicov,auc_01_psicov,message
1,,,,0.8753634153835221,0.7469988227016656,0.8386730648738129,0.7561290163193753,0.8864427892315123,0.8104927142821121,0.891702937496696,0.7586493586381364,
